{
  "id": "1562353",
  "name": "养老系统",
  "font_family": "iconfont",
  "css_prefix_text": "icon-",
  "description": "",
  "glyphs": [
    {
      "icon_id": "508239",
      "name": "保健品",
      "font_class": "baojianpin",
      "unicode": "e604",
      "unicode_decimal": 58884
    },
    {
      "icon_id": "688060",
      "name": "查找 表单 列表",
      "font_class": "chazhaobiaodanliebiao",
      "unicode": "e76a",
      "unicode_decimal": 59242
    },
    {
      "icon_id": "774457",
      "name": "费用",
      "font_class": "feiyong",
      "unicode": "e669",
      "unicode_decimal": 58985
    },
    {
      "icon_id": "796472",
      "name": "生活",
      "font_class": "shenghuo",
      "unicode": "e625",
      "unicode_decimal": 58917
    },
    {
      "icon_id": "947487",
      "name": "系统",
      "font_class": "xitong",
      "unicode": "e64c",
      "unicode_decimal": 58956
    },
    {
      "icon_id": "963833",
      "name": "维修",
      "font_class": "weixiu",
      "unicode": "e62e",
      "unicode_decimal": 58926
    },
    {
      "icon_id": "1029203",
      "name": "评价",
      "font_class": "evaluate-1-copy",
      "unicode": "e60c",
      "unicode_decimal": 58892
    },
    {
      "icon_id": "1211217",
      "name": "Add",
      "font_class": "add",
      "unicode": "e621",
      "unicode_decimal": 58913
    },
    {
      "icon_id": "1240749",
      "name": "流程",
      "font_class": "liucheng",
      "unicode": "e60d",
      "unicode_decimal": 58893
    },
    {
      "icon_id": "1240771",
      "name": "任务",
      "font_class": "renwu",
      "unicode": "e615",
      "unicode_decimal": 58901
    },
    {
      "icon_id": "1368580",
      "name": "delete",
      "font_class": "delete",
      "unicode": "e606",
      "unicode_decimal": 58886
    },
    {
      "icon_id": "1371933",
      "name": "详情",
      "font_class": "xiangqing",
      "unicode": "e639",
      "unicode_decimal": 58937
    },
    {
      "icon_id": "1381825",
      "name": "通讯录",
      "font_class": "tongxunlu",
      "unicode": "e632",
      "unicode_decimal": 58930
    },
    {
      "icon_id": "1761438",
      "name": "就诊",
      "font_class": "jiuzhen",
      "unicode": "e631",
      "unicode_decimal": 58929
    },
    {
      "icon_id": "2076324",
      "name": "餐饮",
      "font_class": "canyin",
      "unicode": "e8a4",
      "unicode_decimal": 59556
    },
    {
      "icon_id": "2970908",
      "name": "预算",
      "font_class": "yusuan",
      "unicode": "e830",
      "unicode_decimal": 59440
    },
    {
      "icon_id": "3091978",
      "name": "短信",
      "font_class": "duanxin",
      "unicode": "e772",
      "unicode_decimal": 59250
    },
    {
      "icon_id": "3113097",
      "name": "权限",
      "font_class": "quanxian",
      "unicode": "e771",
      "unicode_decimal": 59249
    },
    {
      "icon_id": "3808691",
      "name": "报表",
      "font_class": "-",
      "unicode": "e61c",
      "unicode_decimal": 58908
    },
    {
      "icon_id": "3920371",
      "name": "老人",
      "font_class": "old",
      "unicode": "e616",
      "unicode_decimal": 58902
    },
    {
      "icon_id": "4485678",
      "name": "同步",
      "font_class": "tongbu",
      "unicode": "e600",
      "unicode_decimal": 58880
    },
    {
      "icon_id": "4933339",
      "name": "公告",
      "font_class": "gonggao",
      "unicode": "e734",
      "unicode_decimal": 59188
    },
    {
      "icon_id": "4989113",
      "name": "基础信息",
      "font_class": "jichuxinxi",
      "unicode": "e6a4",
      "unicode_decimal": 59044
    },
    {
      "icon_id": "5064104",
      "name": "资产",
      "font_class": "zichan",
      "unicode": "e64d",
      "unicode_decimal": 58957
    },
    {
      "icon_id": "5191314",
      "name": "服务商管理",
      "font_class": "fuwushangguanli",
      "unicode": "e672",
      "unicode_decimal": 58994
    },
    {
      "icon_id": "5203272",
      "name": "旅行",
      "font_class": "lvhang",
      "unicode": "e62b",
      "unicode_decimal": 58923
    },
    {
      "icon_id": "5338953",
      "name": "通告",
      "font_class": "tonggao",
      "unicode": "e792",
      "unicode_decimal": 59282
    },
    {
      "icon_id": "5366762",
      "name": "日志",
      "font_class": "rizhi",
      "unicode": "e626",
      "unicode_decimal": 58918
    },
    {
      "icon_id": "5648560",
      "name": "办公",
      "font_class": "bangong",
      "unicode": "e603",
      "unicode_decimal": 58883
    },
    {
      "icon_id": "6102955",
      "name": "发票",
      "font_class": "fapiao",
      "unicode": "e642",
      "unicode_decimal": 58946
    },
    {
      "icon_id": "6249916",
      "name": "预约",
      "font_class": "yuyue",
      "unicode": "e61a",
      "unicode_decimal": 58906
    },
    {
      "icon_id": "6353166",
      "name": "菜单",
      "font_class": "menu-two",
      "unicode": "e60e",
      "unicode_decimal": 58894
    },
    {
      "icon_id": "6536074",
      "name": "文件-志愿者登记",
      "font_class": "wj-zyzdj",
      "unicode": "e72e",
      "unicode_decimal": 59182
    },
    {
      "icon_id": "6802038",
      "name": "Old-Man",
      "font_class": "Old-Man",
      "unicode": "e702",
      "unicode_decimal": 59138
    },
    {
      "icon_id": "6806728",
      "name": "Old-Man",
      "font_class": "Old-Man1",
      "unicode": "eb44",
      "unicode_decimal": 60228
    },
    {
      "icon_id": "7055646",
      "name": "消息",
      "font_class": "xiaoxi",
      "unicode": "e72c",
      "unicode_decimal": 59180
    },
    {
      "icon_id": "7391189",
      "name": "定位",
      "font_class": "dingwei",
      "unicode": "e643",
      "unicode_decimal": 58947
    },
    {
      "icon_id": "7549366",
      "name": "健康",
      "font_class": "RectangleCopy",
      "unicode": "e6a5",
      "unicode_decimal": 59045
    },
    {
      "icon_id": "7790995",
      "name": "工资",
      "font_class": "gongzi",
      "unicode": "e7e9",
      "unicode_decimal": 59369
    },
    {
      "icon_id": "7791008",
      "name": "办公",
      "font_class": "bangong1",
      "unicode": "e7ec",
      "unicode_decimal": 59372
    },
    {
      "icon_id": "8211695",
      "name": "事故",
      "font_class": "shigu",
      "unicode": "e661",
      "unicode_decimal": 58977
    },
    {
      "icon_id": "8335258",
      "name": "平台软硬件",
      "font_class": "xingzhuang",
      "unicode": "e622",
      "unicode_decimal": 58914
    },
    {
      "icon_id": "8783191",
      "name": "社区",
      "font_class": "dibudaohanglan-",
      "unicode": "e62f",
      "unicode_decimal": 58927
    },
    {
      "icon_id": "9278050",
      "name": "绩效",
      "font_class": "icon_jixiao",
      "unicode": "e655",
      "unicode_decimal": 58965
    },
    {
      "icon_id": "9559084",
      "name": "黑名单",
      "font_class": "ziyuan",
      "unicode": "e620",
      "unicode_decimal": 58912
    },
    {
      "icon_id": "9568068",
      "name": "Edit",
      "font_class": "Edit",
      "unicode": "e64f",
      "unicode_decimal": 58959
    },
    {
      "icon_id": "9626833",
      "name": "安全",
      "font_class": "anquan",
      "unicode": "e865",
      "unicode_decimal": 59493
    },
    {
      "icon_id": "10017847",
      "name": "设备",
      "font_class": "shebei",
      "unicode": "e62a",
      "unicode_decimal": 58922
    },
    {
      "icon_id": "10056224",
      "name": "医保",
      "font_class": "yibao",
      "unicode": "e6fe",
      "unicode_decimal": 59134
    },
    {
      "icon_id": "10140082",
      "name": "view",
      "font_class": "view",
      "unicode": "e6ad",
      "unicode_decimal": 59053
    },
    {
      "icon_id": "10143467",
      "name": "用户",
      "font_class": "yonghu",
      "unicode": "e610",
      "unicode_decimal": 58896
    },
    {
      "icon_id": "10646956",
      "name": "呼叫",
      "font_class": "hujiao",
      "unicode": "e618",
      "unicode_decimal": 58904
    }
  ]
}
